{"1001": {"name": "Choco Cake", "qn": 34, "pr": 100}, "1002": {"name": "Milk Cake", "pr": 800, "qn": 100}, "1003": {"name": "Drink", "pr": 85, "qn": 100}, "1004": {"name": "Candy", "pr": 5, "qn": 1000}, "1005": {"name": "Pen", "pr": 20, "qn": 100}, "1006": {"name": "Phone", "pr": 50000, "qn": 10}, "1007": {"name": "Mic", "pr": 1500, "qn": 0}, "1008": {"name": "Case", "pr": 599, "qn": 5}, "1009": {"name": "Keyboard", "pr": 1999, "qn": 10}, "1010": {"name": "Mouse", "pr": 1500, "qn": 10}, "1011": {"name": "Data Cable", "pr": 250, "qn": 20}, "1021": {"name": "LCD", "pr": 20000, "qn": 30}, "1030": {"name": "C Type Cable", "pr": 300, "qn": 10}, "1012": {"name": "Mouse 1", "pr": 200, "qn": 20}, "1013": {"name": "Desktop", "pr": 50000, "qn": 49}, "1014": {"name": "Gaming Mouse", "pr": 700, "qn": 30}, "1015": {"name": "Gaming Keyboard", "pr": 5000, "qn": 45}, "1016": {"name": "Head Phone", "pr": 699, "qn": 30}, "1017": {"name": "bluetooth Headphone", "pr": 900, "qn": 43}, "1018": {"name": "Usb Hub", "pr": 600, "qn": 49}, "1020": {"name": "LED TV", "pr": 15000, "qn": 50}, "1019": {"name": "Card  Reader", "pr": 500, "qn": 40}, "1022": {"name": "Monitor ", "pr": 30000, "qn": 34}, "1023": {"name": "Notes ", "pr": 400, "qn": 23}, "1025": {"name": "Computer Table", "pr": 890, "qn": 34}, "1026": {"name": "Ac ", "pr": 20000, "qn": 20}, "1027": {"name": "AC 2L", "pr": 50000, "qn": 44}, "1029": {"name": "Ac 3L", "pr": 56779, "qn": 67}, "1028": {"name": "Ac 1.5L", "pr": 24000, "qn": 45}}